{
  "name": "dustjs-linkedin",
  "version": "2.4.2",
  "main": "dist/dust-full.min.js",
  "devDependencies": {
    "pegjs": "0.8.0"
  },
  "ignore": [
    "**/.*",
    "tmp",
    "docs",
    "test",
    "src",
    "benchmark",
    "archive",
    "node_modules",
    ".grunt",
    "_SpecRunner.html",
    ".travis.yml",
    "Gruntfile.js",
    "package.json",
    "bower.json"
  ],
  "homepage": "https://github.com/linkedin/dustjs",
  "_release": "2.4.2",
  "_resolution": {
    "type": "version",
    "tag": "v2.4.2",
    "commit": "7748476de87794c55edac2c827183327a904bd0d"
  },
  "_source": "git://github.com/linkedin/dustjs.git",
  "_target": "^2.0.3",
  "_originalSource": "dustjs-linkedin",
  "_direct": true
}